ordem,rodada,experimento,tecnica,alocacao,tamanho,bloco,tempo_segundos,checksum,L1-dcache-loads,L1-dcache-load-misses,branch-instructions,branch-misses,cobertura_min_pct
1,1,7,tiling,estatica,512,32,0.726236323,33566647.392028809,2588542441,138692356,147490226,138849,100.0
2,1,6,unroll,dinamica,512,32,1.146786386,33566647.392028809,2902078633,144346785,68424939,265283,100.0
3,1,1,simples,estatica,512,32,0.993636580,33566647.392028809,2432481634,136723208,135271760,264734,100.0
4,1,8,tiling,dinamica,512,32,1.021523542,33566647.392028809,3127580721,1892805,147490273,139011,100.0
5,1,3,interchange,estatica,512,32,0.652380889,33566647.392028809,2427442691,8667615,135271415,264252,100.0
6,1,5,unroll,estatica,512,32,0.803495851,33566647.392028809,2300143350,137175558,68424853,264545,100.0
7,1,2,simples,dinamica,512,32,1.074923471,33566647.392028809,3100852914,141542261,135271585,264730,100.0
8,1,4,interchange,dinamica,512,32,1.073915793,33566647.392028809,3098578877,8815119,135271590,264722,100.0
9,2,3,interchange,estatica,512,32,0.653601725,33566647.392028809,2427613912,8669620,135271412,264212,100.0
10,2,7,tiling,estatica,512,32,0.624229295,33566647.392028809,2588574196,138735907,147490131,138973,100.0
11,2,5,unroll,estatica,512,32,0.515436848,33566647.392028809,2298483986,137165306,68424555,264120,100.0
12,2,4,interchange,dinamica,512,32,0.545284971,33566647.392028809,3098721388,8768757,135271050,264038,100.0
13,2,1,simples,estatica,512,32,0.477295838,33566647.392028809,2430539243,136691843,135271235,264090,100.0
14,2,2,simples,dinamica,512,32,0.524494016,33566647.392028809,3100819529,141016132,135271034,264044,100.0
15,2,8,tiling,dinamica,512,32,0.511347744,33566647.392028809,3128390718,1813429,147489751,137588,100.0
16,2,6,unroll,dinamica,512,32,0.549192206,33566647.392028809,2901997114,144086778,68424335,264139,100.0
17,3,8,tiling,dinamica,512,32,0.511254646,33566647.392028809,3128331197,1809623,147489751,137642,100.0
18,3,7,tiling,estatica,512,32,0.355096959,33566647.392028809,2588723665,138710003,147489855,137841,100.0
19,3,5,unroll,estatica,512,32,0.399161261,33566647.392028809,2297871547,137156000,68424442,264271,100.0
20,3,2,simples,dinamica,512,32,0.524585718,33566647.392028809,3100816709,141025819,135271030,264119,100.0
21,3,4,interchange,dinamica,512,32,0.524023700,33566647.392028809,3098640447,8754960,135271033,264083,100.0
22,3,6,unroll,dinamica,512,32,0.546517891,33566647.392028809,2901824655,143884790,68424335,264073,100.0
23,3,3,interchange,estatica,512,32,0.319244808,33566647.392028809,2427427647,8679956,135271077,263829,100.0
24,3,1,simples,estatica,512,32,0.481461698,33566647.392028809,2429959435,136762892,135271245,264020,100.0
25,4,3,interchange,estatica,512,32,0.319155339,33566647.392028809,2427560120,8659540,135271081,263804,100.0
26,4,2,simples,dinamica,512,32,0.535987967,33566647.392028809,3100730672,141510754,135271049,264141,100.0
27,4,8,tiling,dinamica,512,32,0.509324006,33566647.392028809,3128410974,1810744,147489750,137878,100.0
28,4,5,unroll,estatica,512,32,0.394475637,33566647.392028809,2299789295,137036934,68424434,264095,100.0
29,4,4,interchange,dinamica,512,32,0.523938214,33566647.392028809,3098720188,8759814,135271032,264129,100.0
30,4,1,simples,estatica,512,32,0.493490428,33566647.392028809,2432035018,136798029,135271254,264742,100.0
31,4,7,tiling,estatica,512,32,0.359695559,33566647.392028809,2588464745,138711999,147489854,138453,100.0
32,4,6,unroll,dinamica,512,32,0.580975230,33566647.392028809,2902944242,144931314,68424368,264443,100.0
33,5,1,simples,estatica,512,32,0.494119564,33566647.392028809,2430431851,136656344,135271257,264844,100.0
34,5,8,tiling,dinamica,512,32,0.507240831,33566647.392028809,3127762972,2006101,147489749,138258,100.0
35,5,5,unroll,estatica,512,32,0.403146998,33566647.392028809,2300283271,137150351,68424444,264283,100.0
36,5,3,interchange,estatica,512,32,0.322550984,33566647.392028809,2427521076,8678346,135271079,264001,100.0
37,5,4,interchange,dinamica,512,32,0.530086466,33566647.392028809,3098607864,8811084,135271041,264224,100.0
38,5,6,unroll,dinamica,512,32,0.593971968,33566647.392028809,2903152935,144003534,68424387,264365,100.0
39,5,2,simples,dinamica,512,32,0.578403720,33566647.392028809,3100740798,142406375,135271082,264607,100.0
40,5,7,tiling,estatica,512,32,0.355167220,33566647.392028809,2588448335,138617400,147489847,138719,100.0
41,6,3,interchange,estatica,512,32,0.324380841,33566647.392028809,2427767682,8672302,135271083,263929,100.0
42,6,1,simples,estatica,512,32,0.486737346,33566647.392028809,2431619352,136703619,135271249,264325,100.0
43,6,6,unroll,dinamica,512,32,0.549936651,33566647.392028809,2903037200,143962913,68424333,264132,100.0
44,6,2,simples,dinamica,512,32,0.524382548,33566647.392028809,3101401582,141621216,135271029,264053,100.0
45,6,5,unroll,estatica,512,32,0.393201093,33566647.392028809,2300833963,137031386,68424431,263965,100.0
46,6,4,interchange,dinamica,512,32,0.522511554,33566647.392028809,3098707628,8770615,135271032,264026,100.0
47,6,7,tiling,estatica,512,32,0.355335748,33566647.392028809,2588733385,138736637,147489851,137786,100.0
48,6,8,tiling,dinamica,512,32,0.513710985,33566647.392028809,3128465356,1941198,147489760,137700,100.0
49,7,8,tiling,dinamica,512,32,0.511317922,33566647.392028809,3128226639,1874023,147489760,138009,100.0
50,7,6,unroll,dinamica,512,32,0.547320514,33566647.392028809,2903197939,143629892,68424342,264077,100.0
51,7,1,simples,estatica,512,32,0.479678215,33566647.392028809,2434828250,136777287,135271242,264095,100.0
52,7,3,interchange,estatica,512,32,0.317927938,33566647.392028809,2427630970,8660938,135271074,263794,100.0
53,7,2,simples,dinamica,512,32,0.523529290,33566647.392028809,3101430600,141010542,135271029,264086,100.0
54,7,5,unroll,estatica,512,32,0.391270733,33566647.392028809,2297991715,137087615,68424431,263943,100.0
55,7,4,interchange,dinamica,512,32,0.532999013,33566647.392028809,3098488782,8766236,135271038,264134,100.0
56,7,7,tiling,estatica,512,32,0.353644946,33566647.392028809,2588297771,138848471,147489844,137579,100.0
57,8,2,simples,dinamica,512,32,0.523922360,33566647.392028809,3100829688,140703581,135271032,264112,100.0
58,8,6,unroll,dinamica,512,32,0.546036400,33566647.392028809,2903063343,143906278,68424335,264090,100.0
59,8,3,interchange,estatica,512,32,0.318403352,33566647.392028809,2427429985,8679048,135271078,263814,100.0
60,8,1,simples,estatica,512,32,0.478381041,33566647.392028809,2431815625,136629715,135271240,264187,100.0
61,8,4,interchange,dinamica,512,32,0.522017212,33566647.392028809,3098590397,8744797,135271029,264063,100.0
62,8,5,unroll,estatica,512,32,0.391100877,33566647.392028809,2298691255,137094822,68424432,263936,100.0
63,8,8,tiling,dinamica,512,32,0.509651634,33566647.392028809,3128621086,1817717,147489754,137539,100.0
64,8,7,tiling,estatica,512,32,0.354186569,33566647.392028809,2588532216,138690271,147489848,137911,100.0
65,9,2,simples,dinamica,512,32,0.525821640,33566647.392028809,3100884061,141435750,135271034,264285,100.0
66,9,5,unroll,estatica,512,32,0.391939887,33566647.392028809,2299446036,137147232,68424431,263939,100.0
67,9,7,tiling,estatica,512,32,0.354152347,33566647.392028809,2588604696,138656551,147489849,137614,100.0
68,9,1,simples,estatica,512,32,0.476258337,33566647.392028809,2430503339,136645337,135271244,264142,100.0
69,9,6,unroll,dinamica,512,32,0.550579196,33566647.392028809,2902003897,143738949,68424338,264130,100.0
70,9,8,tiling,dinamica,512,32,0.514494821,33566647.392028809,3128459334,1844930,147489759,137907,100.0
71,9,4,interchange,dinamica,512,32,0.522820045,33566647.392028809,3098547318,8753559,135271026,264058,100.0
72,9,3,interchange,estatica,512,32,0.321867510,33566647.392028809,2427560285,8698154,135271079,263904,100.0
73,10,2,simples,dinamica,512,32,0.536196375,33566647.392028809,3101350988,141666324,135271040,264168,100.0
74,10,3,interchange,estatica,512,32,0.319594994,33566647.392028809,2427540647,8666257,135271079,263865,100.0
75,10,1,simples,estatica,512,32,0.480569258,33566647.392028809,2432517281,136624548,135271239,264088,100.0
76,10,5,unroll,estatica,512,32,0.399443631,33566647.392028809,2305795465,137199126,68424437,264291,100.0
77,10,8,tiling,dinamica,512,32,0.537139660,33566647.392028809,3128597975,2508059,147489784,138651,100.0
78,10,7,tiling,estatica,512,32,0.353014343,33566647.392028809,2587712104,138783919,147489850,137609,100.0
79,10,4,interchange,dinamica,512,32,0.523964056,33566647.392028809,3098532932,8780665,135271030,264148,100.0
80,10,6,unroll,dinamica,512,32,0.550820640,33566647.392028809,2903162505,143237095,68424340,264077,100.0
